{
  "seeds": [
    0,
    1,
    2,
    3,
    4,
    5,
    6,
    7,
    8,
    9
  ],
  "nmis": [
    0.33285725649785136,
    0.33391952939129754,
    0.31863905858712505,
    0.3444687187073404,
    0.5031359685365153,
    0.3306933967222497,
    0.49271395542691343,
    0.33391952939129754,
    0.321630001105255,
    0.49271395542691343
  ],
  "aris": [
    0.18458573608736747,
    0.1784895112375084,
    0.18269401411656733,
    0.21857843388582332,
    0.4065082847457438,
    0.1864995893667718,
    0.4078077086817943,
    0.1784895112375084,
    0.18694578284669747,
    0.4078077086817943
  ],
  "mean_nmi": 0.3804691369792758,
  "mean_ari": 0.2538406280887576,
  "std_nmi": 0.076094829085435,
  "std_ari": 0.1010870702539324
}