{
  "seeds": [
    0,
    1,
    2,
    3,
    4,
    5,
    6,
    7,
    8,
    9
  ],
  "nmis": [
    0.6498096777837379,
    0.5497030838884805,
    0.5699807629037167,
    0.5763285481387342,
    0.593757976067897,
    0.5774028150217633,
    0.5403255707968604,
    0.5329723507477814,
    0.5748583418486617,
    0.49665835713861456
  ],
  "aris": [
    0.5014663950380052,
    0.3396479071981308,
    0.37839780082362573,
    0.36778855110666253,
    0.39637750567066643,
    0.3679436868074623,
    0.30745927186934263,
    0.3050534826773314,
    0.3835345187892793,
    0.2756853948004266
  ],
  "mean_nmi": 0.5661797484336248,
  "mean_ari": 0.3623354514780933,
  "std_nmi": 0.03866409039506878,
  "std_ari": 0.05966610851714205
}