{
  "seeds": [
    0,
    1,
    2,
    3,
    4,
    5,
    6,
    7,
    8,
    9
  ],
  "nmis": [
    0.6619750370520223,
    0.6030582721487548,
    0.5405686157036301,
    0.5277624853879487,
    0.5391047808354273,
    0.49448833044499924,
    0.5961627003532096,
    0.6127895375879164,
    0.6245815797694081,
    0.5406664998463565
  ],
  "aris": [
    0.4699307340197735,
    0.39528344435174545,
    0.3479732168341592,
    0.3094263724471087,
    0.3134880736348391,
    0.2848029451692546,
    0.40080673312700493,
    0.43053270816247635,
    0.44455393341403293,
    0.3143111819436504
  ],
  "mean_nmi": 0.5741157839129674,
  "mean_ari": 0.37111093431040454,
  "std_nmi": 0.05004461544718042,
  "std_ari": 0.06204219445018305
}