{
  "seeds": [
    0,
    1,
    2,
    3,
    4,
    5,
    6,
    7,
    8,
    9
  ],
  "nmis": [
    0.5179664482673797,
    0.659794907047776,
    0.5030046942226226,
    0.5686097326692764,
    0.49044918665581,
    0.5264458952115565,
    0.6742607664087179,
    0.5461899324861124,
    0.7009005814283643,
    0.7341177787323439
  ],
  "aris": [
    0.3481132124822896,
    0.5510162030444039,
    0.33878616909787035,
    0.4300524880179023,
    0.3056709344897573,
    0.3592494577159259,
    0.5376072155714834,
    0.3799984902724703,
    0.604104658264443,
    0.652816093728184
  ],
  "mean_nmi": 0.5921739923129958,
  "mean_ari": 0.45074149226847304,
  "std_nmi": 0.08606752379105231,
  "std_ari": 0.11826685980981495
}