{
  "seeds": [
    0,
    1,
    2,
    3,
    4,
    5,
    6,
    7,
    8,
    9
  ],
  "nmis": [
    0.27436771570853596,
    0.4737386582213264,
    0.4967457078739423,
    0.5044716551438049,
    0.4890435694147411,
    0.3096767763976195,
    0.2772861789163709,
    0.31564166582644587,
    0.49325581498758964,
    0.4877662348246006
  ],
  "aris": [
    0.22775768398083415,
    0.4239768958084427,
    0.4416038990922116,
    0.4501407935234169,
    0.4415296559196462,
    0.21854763136411842,
    0.231158677372517,
    0.21431851333330437,
    0.4358357173913315,
    0.4133115858516794
  ],
  "mean_nmi": 0.4121993977314977,
  "mean_ari": 0.34981810536375024,
  "std_nmi": 0.09729762466411411,
  "std_ari": 0.10411586965627159
}